{"cameraMode":{"drawMode":0,"name":"Shaded","section":"Shading Mode"},"sceneLighting":false,"audioPlay":false,"sceneViewState":{"m_AlwaysRefresh":false,"showFog":true,"showSkybox":false,"showFlares":true,"showImageEffects":true,"showParticleSystems":true,"showVisualEffectGraphs":true,"m_FxEnabled":true},"in2DMode":false,"pivot":{"x":5.960464477539063e-7,"y":1.0407719612121583,"z":11.859563827514649},"rotation":{"x":0.1029793992638588,"y":-0.31789150834083559,"z":0.03474966436624527,"w":0.9418861865997315},"size":2.613783597946167,"orthographic":false}