{"cameraMode":{"drawMode":0,"name":"Shaded","section":"Shading Mode"},"sceneLighting":false,"audioPlay":false,"sceneViewState":{"m_AlwaysRefresh":false,"showFog":true,"showSkybox":false,"showFlares":true,"showImageEffects":true,"showParticleSystems":true,"showVisualEffectGraphs":true,"m_FxEnabled":true},"in2DMode":false,"pivot":{"x":-9.728413581848145,"y":3.1169161796569826,"z":11.568943977355957},"rotation":{"x":0.09372317045927048,"y":0.02837095968425274,"z":-0.0026712582912296058,"w":0.995197057723999},"size":4.137796401977539,"orthographic":false}