{"cameraMode":{"drawMode":0,"name":"Shaded","section":"Shading Mode"},"sceneLighting":true,"audioPlay":false,"sceneViewState":{"m_AlwaysRefresh":false,"showFog":true,"showSkybox":true,"showFlares":true,"showImageEffects":true,"showParticleSystems":true,"showVisualEffectGraphs":true,"m_FxEnabled":true},"in2DMode":false,"pivot":{"x":-2.0654022693634035,"y":1.1920928955078126e-7,"z":-3.215219497680664},"rotation":{"x":0.09758522361516953,"y":0.2839919924736023,"z":-0.02906993217766285,"w":0.9534130096435547},"size":1.751015305519104,"orthographic":false}